{
	"accuracy_logs": {
		"SVC": 0.8902255639097745,
		"KC": 0.8872180451127819,
		"DTC": 0.8451127819548873,
		"RFC": 0.8927318295739348
	},
	"con_mat_logs": {
		"SVC": [
			[
				1388,
				115
			],
			[
				104,
				388
			]
		],
		"KC": [
			[
				1389,
				114
			],
			[
				111,
				381
			]
		],
		"DTC": [
			[
				1341,
				162
			],
			[
				147,
				345
			]
		],
		"RFC": [
			[
				1395,
				108
			],
			[
				106,
				386
			]
		]
	},
	"classification_report_logs": {
		"SVC": "              precision    recall  f1-score   support\n\n           0       0.93      0.92      0.93      1503\n           1       0.77      0.79      0.78       492\n\n    accuracy                           0.89      1995\n   macro avg       0.85      0.86      0.85      1995\nweighted avg       0.89      0.89      0.89      1995\n",
		"KC": "              precision    recall  f1-score   support\n\n           0       0.93      0.92      0.93      1503\n           1       0.77      0.77      0.77       492\n\n    accuracy                           0.89      1995\n   macro avg       0.85      0.85      0.85      1995\nweighted avg       0.89      0.89      0.89      1995\n",
		"DTC": "              precision    recall  f1-score   support\n\n           0       0.90      0.89      0.90      1503\n           1       0.68      0.70      0.69       492\n\n    accuracy                           0.85      1995\n   macro avg       0.79      0.80      0.79      1995\nweighted avg       0.85      0.85      0.85      1995\n",
		"RFC": "              precision    recall  f1-score   support\n\n           0       0.93      0.93      0.93      1503\n           1       0.78      0.78      0.78       492\n\n    accuracy                           0.89      1995\n   macro avg       0.86      0.86      0.86      1995\nweighted avg       0.89      0.89      0.89      1995\n"
	}
}