{
	"accuracy_logs": {
		"KC": 0.8165413533834587,
		"DTC": 0.7468671679197995,
		"RFC": 0.8265664160401003,
		"SVC": 0.8140350877192982
	},
	"con_mat_logs": {
		"KC": [
			[
				52,
				20,
				0,
				20,
				0,
				8
			],
			[
				10,
				1435,
				9,
				24,
				26,
				0
			],
			[
				1,
				27,
				11,
				1,
				5,
				0
			],
			[
				17,
				65,
				0,
				57,
				7,
				4
			],
			[
				2,
				90,
				2,
				8,
				52,
				1
			],
			[
				5,
				8,
				0,
				5,
				1,
				22
			]
		],
		"DTC": [
			[
				51,
				20,
				0,
				18,
				4,
				7
			],
			[
				28,
				1303,
				27,
				61,
				81,
				4
			],
			[
				0,
				23,
				10,
				1,
				11,
				0
			],
			[
				34,
				49,
				3,
				50,
				10,
				4
			],
			[
				2,
				70,
				13,
				13,
				56,
				1
			],
			[
				3,
				9,
				0,
				8,
				1,
				20
			]
		],
		"RFC": [
			[
				53,
				23,
				0,
				16,
				0,
				8
			],
			[
				3,
				1459,
				4,
				13,
				25,
				0
			],
			[
				0,
				31,
				8,
				1,
				5,
				0
			],
			[
				21,
				75,
				0,
				46,
				5,
				3
			],
			[
				1,
				91,
				0,
				4,
				59,
				0
			],
			[
				5,
				8,
				0,
				3,
				1,
				24
			]
		],
		"SVC": [
			[
				53,
				28,
				0,
				10,
				0,
				9
			],
			[
				6,
				1491,
				1,
				0,
				6,
				0
			],
			[
				0,
				36,
				6,
				0,
				3,
				0
			],
			[
				23,
				84,
				0,
				38,
				0,
				5
			],
			[
				1,
				127,
				0,
				1,
				26,
				0
			],
			[
				7,
				11,
				0,
				13,
				0,
				10
			]
		]
	},
	"classification_report_logs": {
		"KC": "              precision    recall  f1-score   support\n\n           0       0.60      0.52      0.56       100\n           1       0.87      0.95      0.91      1504\n           2       0.50      0.24      0.33        45\n           3       0.50      0.38      0.43       150\n           4       0.57      0.34      0.42       155\n           5       0.63      0.54      0.58        41\n\n    accuracy                           0.82      1995\n   macro avg       0.61      0.50      0.54      1995\nweighted avg       0.79      0.82      0.80      1995\n",
		"DTC": "              precision    recall  f1-score   support\n\n           0       0.43      0.51      0.47       100\n           1       0.88      0.87      0.88      1504\n           2       0.19      0.22      0.20        45\n           3       0.33      0.33      0.33       150\n           4       0.34      0.36      0.35       155\n           5       0.56      0.49      0.52        41\n\n    accuracy                           0.75      1995\n   macro avg       0.46      0.46      0.46      1995\nweighted avg       0.76      0.75      0.75      1995\n",
		"RFC": "              precision    recall  f1-score   support\n\n           0       0.64      0.53      0.58       100\n           1       0.86      0.97      0.91      1504\n           2       0.67      0.18      0.28        45\n           3       0.55      0.31      0.39       150\n           4       0.62      0.38      0.47       155\n           5       0.69      0.59      0.63        41\n\n    accuracy                           0.83      1995\n   macro avg       0.67      0.49      0.55      1995\nweighted avg       0.80      0.83      0.80      1995\n",
		"SVC": "              precision    recall  f1-score   support\n\n           0       0.59      0.53      0.56       100\n           1       0.84      0.99      0.91      1504\n           2       0.86      0.13      0.23        45\n           3       0.61      0.25      0.36       150\n           4       0.74      0.17      0.27       155\n           5       0.42      0.24      0.31        41\n\n    accuracy                           0.81      1995\n   macro avg       0.68      0.39      0.44      1995\nweighted avg       0.79      0.81      0.77      1995\n"
	}
}