{
	"accuracy_logs": {
		"KC": 0.9353383458646617,
		"DTC": 0.9087719298245615,
		"RFC": 0.9363408521303258,
		"SVC": 0.924812030075188
	},
	"con_mat_logs": {
		"KC": [
			[
				1764,
				13,
				14
			],
			[
				40,
				57,
				7
			],
			[
				43,
				12,
				45
			]
		],
		"DTC": [
			[
				1715,
				46,
				30
			],
			[
				38,
				53,
				13
			],
			[
				37,
				18,
				45
			]
		],
		"RFC": [
			[
				1768,
				11,
				12
			],
			[
				45,
				50,
				9
			],
			[
				37,
				13,
				50
			]
		],
		"SVC": [
			[
				1784,
				7,
				0
			],
			[
				64,
				37,
				3
			],
			[
				71,
				5,
				24
			]
		]
	},
	"classification_report_logs": {
		"KC": "              precision    recall  f1-score   support\n\n           0       0.96      0.98      0.97      1791\n           1       0.70      0.55      0.61       104\n           2       0.68      0.45      0.54       100\n\n    accuracy                           0.94      1995\n   macro avg       0.78      0.66      0.71      1995\nweighted avg       0.93      0.94      0.93      1995\n",
		"DTC": "              precision    recall  f1-score   support\n\n           0       0.96      0.96      0.96      1791\n           1       0.45      0.51      0.48       104\n           2       0.51      0.45      0.48       100\n\n    accuracy                           0.91      1995\n   macro avg       0.64      0.64      0.64      1995\nweighted avg       0.91      0.91      0.91      1995\n",
		"RFC": "              precision    recall  f1-score   support\n\n           0       0.96      0.99      0.97      1791\n           1       0.68      0.48      0.56       104\n           2       0.70      0.50      0.58       100\n\n    accuracy                           0.94      1995\n   macro avg       0.78      0.66      0.71      1995\nweighted avg       0.93      0.94      0.93      1995\n",
		"SVC": "              precision    recall  f1-score   support\n\n           0       0.93      1.00      0.96      1791\n           1       0.76      0.36      0.48       104\n           2       0.89      0.24      0.38       100\n\n    accuracy                           0.92      1995\n   macro avg       0.86      0.53      0.61      1995\nweighted avg       0.92      0.92      0.91      1995\n"
	}
}