{
	"accuracy_logs": {
		"SVC": 0.7659147869674185,
		"KC": 0.7729323308270677,
		"DTC": 0.7032581453634085,
		"RFC": 0.7879699248120301
	},
	"con_mat_logs": {
		"SVC": [
			[
				653,
				203,
				0,
				5
			],
			[
				198,
				840,
				0,
				2
			],
			[
				4,
				18,
				0,
				1
			],
			[
				31,
				5,
				0,
				35
			]
		],
		"KC": [
			[
				659,
				195,
				0,
				7
			],
			[
				201,
				837,
				1,
				1
			],
			[
				8,
				13,
				1,
				1
			],
			[
				23,
				3,
				0,
				45
			]
		],
		"DTC": [
			[
				606,
				229,
				6,
				20
			],
			[
				260,
				754,
				19,
				7
			],
			[
				7,
				12,
				2,
				2
			],
			[
				24,
				6,
				0,
				41
			]
		],
		"RFC": [
			[
				690,
				163,
				0,
				8
			],
			[
				202,
				835,
				1,
				2
			],
			[
				5,
				17,
				0,
				1
			],
			[
				23,
				1,
				0,
				47
			]
		]
	},
	"classification_report_logs": {
		"SVC": "              precision    recall  f1-score   support\n\n           0       0.74      0.76      0.75       861\n           1       0.79      0.81      0.80      1040\n           2       0.00      0.00      0.00        23\n           3       0.81      0.49      0.61        71\n\n    accuracy                           0.77      1995\n   macro avg       0.58      0.51      0.54      1995\nweighted avg       0.76      0.77      0.76      1995\n",
		"KC": "              precision    recall  f1-score   support\n\n           0       0.74      0.77      0.75       861\n           1       0.80      0.80      0.80      1040\n           2       0.50      0.04      0.08        23\n           3       0.83      0.63      0.72        71\n\n    accuracy                           0.77      1995\n   macro avg       0.72      0.56      0.59      1995\nweighted avg       0.77      0.77      0.77      1995\n",
		"DTC": "              precision    recall  f1-score   support\n\n           0       0.68      0.70      0.69       861\n           1       0.75      0.72      0.74      1040\n           2       0.07      0.09      0.08        23\n           3       0.59      0.58      0.58        71\n\n    accuracy                           0.70      1995\n   macro avg       0.52      0.52      0.52      1995\nweighted avg       0.71      0.70      0.70      1995\n",
		"RFC": "              precision    recall  f1-score   support\n\n           0       0.75      0.80      0.77       861\n           1       0.82      0.80      0.81      1040\n           2       0.00      0.00      0.00        23\n           3       0.81      0.66      0.73        71\n\n    accuracy                           0.79      1995\n   macro avg       0.60      0.57      0.58      1995\nweighted avg       0.78      0.79      0.78      1995\n"
	}
}