{
	"accuracy_logs": {
		"SVC": 0.7273182957393484,
		"KC": 0.7473684210526316,
		"DTC": 0.6887218045112782,
		"RFC": 0.7538847117794486
	},
	"con_mat_logs": {
		"SVC": [
			[
				0,
				48,
				5
			],
			[
				0,
				949,
				199
			],
			[
				0,
				292,
				502
			]
		],
		"KC": [
			[
				8,
				34,
				11
			],
			[
				13,
				898,
				237
			],
			[
				3,
				206,
				585
			]
		],
		"DTC": [
			[
				11,
				29,
				13
			],
			[
				26,
				832,
				290
			],
			[
				13,
				250,
				531
			]
		],
		"RFC": [
			[
				5,
				38,
				10
			],
			[
				4,
				926,
				218
			],
			[
				0,
				221,
				573
			]
		]
	},
	"classification_report_logs": {
		"SVC": "              precision    recall  f1-score   support\n\n           0       0.00      0.00      0.00        53\n           1       0.74      0.83      0.78      1148\n           2       0.71      0.63      0.67       794\n\n    accuracy                           0.73      1995\n   macro avg       0.48      0.49      0.48      1995\nweighted avg       0.71      0.73      0.71      1995\n",
		"KC": "              precision    recall  f1-score   support\n\n           0       0.33      0.15      0.21        53\n           1       0.79      0.78      0.79      1148\n           2       0.70      0.74      0.72       794\n\n    accuracy                           0.75      1995\n   macro avg       0.61      0.56      0.57      1995\nweighted avg       0.74      0.75      0.74      1995\n",
		"DTC": "              precision    recall  f1-score   support\n\n           0       0.22      0.21      0.21        53\n           1       0.75      0.72      0.74      1148\n           2       0.64      0.67      0.65       794\n\n    accuracy                           0.69      1995\n   macro avg       0.54      0.53      0.53      1995\nweighted avg       0.69      0.69      0.69      1995\n",
		"RFC": "              precision    recall  f1-score   support\n\n           0       0.56      0.09      0.16        53\n           1       0.78      0.81      0.79      1148\n           2       0.72      0.72      0.72       794\n\n    accuracy                           0.75      1995\n   macro avg       0.68      0.54      0.56      1995\nweighted avg       0.75      0.75      0.75      1995\n"
	}
}